filename,my_svd_time,eigen_svd_time,k,my_recon_time,eigen_recon_time,my_err,eigen_err
image0000.jpeg,0.0170796,0.0157777,10,0.00372917,0.00057125,0,13.9186
image0000.jpeg,0.0170796,0.0157777,20,0.00364663,4.2333e-05,0,10.5327
image0000.jpeg,0.0170796,0.0157777,50,0.00364204,8.1875e-05,0,5.13551
image0000.jpeg,0.0170796,0.0157777,100,0.003688,0.000291416,0,0.694856
