Size,YourMatrix(ms),Eigen(ms)
100,0.0031001,0.0011416
200,0.0130041,0.0050793
300,0.0269959,0.0108292
400,0.0486291,0.0195292
500,0.0736333,0.0313918
600,0.105754,0.0435376
700,0.294867,0.149063
800,0.342825,0.163317
900,0.440654,0.197425
1000,0.582042,0.309546
