Size,YourMatrix(ms),Eigen(ms)
5,0.378675,0.0052752
10,1.78125,0.0126041
15,5.67697,0.0319915
20,11.7319,0.0549499
25,22.7177,0.0931542
30,39.0737,0.138946
35,80.6748,0.203867
40,115.226,0.274812
45,163.259,0.383213
50,220.972,0.593538
55,293.479,0.636671
60,387.792,0.825587
65,481.838,1.00238
70,603.26,1.21393
75,764.219,1.4932
