Size,YourMatrix(ms),Eigen(ms)
100,0.718138,0.0360416
200,6.52055,0.227325
300,25.608,0.742787
400,65.0286,1.73022
500,132.893,3.4006
600,234.817,5.89249
700,380.081,9.03062
800,557.41,13.5316
900,804.219,19.1602
1000,1108.13,26.4061
